,danceability,energy,key_x,loudness_x,mode_x,speechiness,acousticness,instrumentalness,liveness,valence,tempo_x,type,duration_ms,time_signature_x,track_number,track_id,album_id,artista,start,duration,confidence,loudness_y,tempo_y,tempo_confidence,key_y,key_confidence,mode_y,mode_confidence,time_signature_y,time_signature_confidence
0,0.499,0.406,5,-12.104,0,0.0712,0.754,4.17e-05,0.116,0.837,136.329,audio_features,154341,4,1,7nCdeDrv9Tu4nsT3K638em,0QWea2w5Y6pSoSWHuc7JMf,Miles D. - Cool,0.0,38.63142,1.0,-11.862,135.065,0.469,0,0.069,0,0.26,4,0.976
1,0.499,0.406,5,-12.104,0,0.0712,0.754,4.17e-05,0.116,0.837,136.329,audio_features,154341,4,1,7nCdeDrv9Tu4nsT3K638em,0QWea2w5Y6pSoSWHuc7JMf,Miles D. - Cool,38.63142,10.33381,0.249,-12.005,139.005,0.494,5,0.553,0,0.555,4,0.667
2,0.499,0.406,5,-12.104,0,0.0712,0.754,4.17e-05,0.116,0.837,136.329,audio_features,154341,4,1,7nCdeDrv9Tu4nsT3K638em,0QWea2w5Y6pSoSWHuc7JMf,Miles D. - Cool,48.96523,15.17116,0.406,-11.954,138.769,0.488,8,0.795,1,0.733,4,0.409
3,0.499,0.406,5,-12.104,0,0.0712,0.754,4.17e-05,0.116,0.837,136.329,audio_features,154341,4,1,7nCdeDrv9Tu4nsT3K638em,0QWea2w5Y6pSoSWHuc7JMf,Miles D. - Cool,64.13639,8.49144,0.942,-16.937,142.203,0.466,0,0.526,0,0.496,4,0.947
4,0.499,0.406,5,-12.104,0,0.0712,0.754,4.17e-05,0.116,0.837,136.329,audio_features,154341,4,1,7nCdeDrv9Tu4nsT3K638em,0QWea2w5Y6pSoSWHuc7JMf,Miles D. - Cool,72.62783,17.58755,0.148,-16.151,139.019,0.53,3,0.433,1,0.544,4,0.5
5,0.499,0.406,5,-12.104,0,0.0712,0.754,4.17e-05,0.116,0.837,136.329,audio_features,154341,4,1,7nCdeDrv9Tu4nsT3K638em,0QWea2w5Y6pSoSWHuc7JMf,Miles D. - Cool,90.21538,27.88724,0.947,-9.857,137.708,0.484,5,0.083,0,0.466,3,0.094
6,0.499,0.406,5,-12.104,0,0.0712,0.754,4.17e-05,0.116,0.837,136.329,audio_features,154341,4,1,7nCdeDrv9Tu4nsT3K638em,0QWea2w5Y6pSoSWHuc7JMf,Miles D. - Cool,118.10262,36.23829,0.708,-11.238,132.212,0.487,7,0.289,0,0.434,4,0.939
7,0.389,0.262,5,-13.983,0,0.0476,0.83,0.00393,0.218,0.687,176.001,audio_features,193547,3,2,7o3lr6ptQ4qAP4uUl81zG1,0QWea2w5Y6pSoSWHuc7JMf,Miles D. - Cool,0.0,17.37081,1.0,-14.305,181.22,0.433,5,0.304,0,0.232,4,1.0
8,0.389,0.262,5,-13.983,0,0.0476,0.83,0.00393,0.218,0.687,176.001,audio_features,193547,3,2,7o3lr6ptQ4qAP4uUl81zG1,0QWea2w5Y6pSoSWHuc7JMf,Miles D. - Cool,17.37081,12.07803,0.634,-13.256,179.599,0.36,3,0.167,1,0.444,4,1.0
9,0.389,0.262,5,-13.983,0,0.0476,0.83,0.00393,0.218,0.687,176.001,audio_features,193547,3,2,7o3lr6ptQ4qAP4uUl81zG1,0QWea2w5Y6pSoSWHuc7JMf,Miles D. - Cool,29.44884,26.91188,0.702,-13.688,177.005,0.372,5,0.314,0,0.367,4,1.0
10,0.389,0.262,5,-13.983,0,0.0476,0.83,0.00393,0.218,0.687,176.001,audio_features,193547,3,2,7o3lr6ptQ4qAP4uUl81zG1,0QWea2w5Y6pSoSWHuc7JMf,Miles D. - Cool,56.36072,17.79194,0.744,-13.14,180.102,0.466,8,0.513,1,0.48,3,0.394
11,0.389,0.262,5,-13.983,0,0.0476,0.83,0.00393,0.218,0.687,176.001,audio_features,193547,3,2,7o3lr6ptQ4qAP4uUl81zG1,0QWea2w5Y6pSoSWHuc7JMf,Miles D. - Cool,74.15266,12.26001,0.442,-16.0,177.258,0.338,3,0.163,1,0.28,3,1.0
12,0.389,0.262,5,-13.983,0,0.0476,0.83,0.00393,0.218,0.687,176.001,audio_features,193547,3,2,7o3lr6ptQ4qAP4uUl81zG1,0QWea2w5Y6pSoSWHuc7JMf,Miles D. - Cool,86.41268,43.867,0.357,-15.152,175.041,0.413,3,0.0,1,0.255,3,1.0
13,0.389,0.262,5,-13.983,0,0.0476,0.83,0.00393,0.218,0.687,176.001,audio_features,193547,3,2,7o3lr6ptQ4qAP4uUl81zG1,0QWea2w5Y6pSoSWHuc7JMf,Miles D. - Cool,130.27968,17.59477,0.718,-12.478,175.411,0.402,5,0.483,0,0.534,3,0.938
14,0.389,0.262,5,-13.983,0,0.0476,0.83,0.00393,0.218,0.687,176.001,audio_features,193547,3,2,7o3lr6ptQ4qAP4uUl81zG1,0QWea2w5Y6pSoSWHuc7JMf,Miles D. - Cool,147.87447,22.00514,0.431,-14.079,172.526,0.339,10,0.078,1,0.314,4,0.95
15,0.389,0.262,5,-13.983,0,0.0476,0.83,0.00393,0.218,0.687,176.001,audio_features,193547,3,2,7o3lr6ptQ4qAP4uUl81zG1,0QWea2w5Y6pSoSWHuc7JMf,Miles D. - Cool,169.8796,16.98308,0.551,-12.75,171.892,0.348,3,0.834,1,0.651,3,0.588
16,0.389,0.262,5,-13.983,0,0.0476,0.83,0.00393,0.218,0.687,176.001,audio_features,193547,3,2,7o3lr6ptQ4qAP4uUl81zG1,0QWea2w5Y6pSoSWHuc7JMf,Miles D. - Cool,186.86269,6.68399,0.993,-32.457,0.0,0.0,3,0.0,1,0.0,4,0.333
17,0.186,0.0367,4,-19.738,0,0.0371,0.983,0.231,0.103,0.0731,74.905,audio_features,200297,4,3,3GRRmV65lSUxQ82GHyVAZO,0QWea2w5Y6pSoSWHuc7JMf,Miles D. - Cool,0.0,10.32918,1.0,-22.909,76.056,0.273,2,0.0,1,0.0,3,0.818
18,0.186,0.0367,4,-19.738,0,0.0371,0.983,0.231,0.103,0.0731,74.905,audio_features,200297,4,3,3GRRmV65lSUxQ82GHyVAZO,0QWea2w5Y6pSoSWHuc7JMf,Miles D. - Cool,10.32918,14.52773,0.082,-16.629,74.806,0.244,2,0.435,1,0.515,3,0.2
19,0.186,0.0367,4,-19.738,0,0.0371,0.983,0.231,0.103,0.0731,74.905,audio_features,200297,4,3,3GRRmV65lSUxQ82GHyVAZO,0QWea2w5Y6pSoSWHuc7JMf,Miles D. - Cool,24.85691,25.83575,0.047,-18.458,72.76,0.284,0,0.276,0,0.36,4,0.062
20,0.186,0.0367,4,-19.738,0,0.0371,0.983,0.231,0.103,0.0731,74.905,audio_features,200297,4,3,3GRRmV65lSUxQ82GHyVAZO,0QWea2w5Y6pSoSWHuc7JMf,Miles D. - Cool,50.69266,34.62329,0.462,-23.354,89.992,0.374,4,0.424,0,0.331,4,0.444
21,0.186,0.0367,4,-19.738,0,0.0371,0.983,0.231,0.103,0.0731,74.905,audio_features,200297,4,3,3GRRmV65lSUxQ82GHyVAZO,0QWea2w5Y6pSoSWHuc7JMf,Miles D. - Cool,85.31595,9.0319,0.506,-14.104,146.424,0.32,2,0.606,1,0.612,4,1.0
22,0.186,0.0367,4,-19.738,0,0.0371,0.983,0.231,0.103,0.0731,74.905,audio_features,200297,4,3,3GRRmV65lSUxQ82GHyVAZO,0QWea2w5Y6pSoSWHuc7JMf,Miles D. - Cool,94.34784,9.57028,0.34,-20.931,138.776,0.252,0,0.064,0,0.128,4,1.0
23,0.186,0.0367,4,-19.738,0,0.0371,0.983,0.231,0.103,0.0731,74.905,audio_features,200297,4,3,3GRRmV65lSUxQ82GHyVAZO,0QWea2w5Y6pSoSWHuc7JMf,Miles D. - Cool,103.91812,6.81874,0.149,-24.473,141.077,0.339,5,0.194,1,0.488,4,1.0
24,0.186,0.0367,4,-19.738,0,0.0371,0.983,0.231,0.103,0.0731,74.905,audio_features,200297,4,3,3GRRmV65lSUxQ82GHyVAZO,0QWea2w5Y6pSoSWHuc7JMf,Miles D. - Cool,110.73686,17.13618,0.007,-17.542,139.828,0.265,4,0.404,0,0.808,4,1.0
25,0.186,0.0367,4,-19.738,0,0.0371,0.983,0.231,0.103,0.0731,74.905,audio_features,200297,4,3,3GRRmV65lSUxQ82GHyVAZO,0QWea2w5Y6pSoSWHuc7JMf,Miles D. - Cool,127.87304,5.59652,0.731,-14.353,140.648,0.12,6,0.0,1,0.0,4,1.0
26,0.186,0.0367,4,-19.738,0,0.0371,0.983,0.231,0.103,0.0731,74.905,audio_features,200297,4,3,3GRRmV65lSUxQ82GHyVAZO,0QWea2w5Y6pSoSWHuc7JMf,Miles D. - Cool,133.46956,51.25562,0.77,-22.459,74.436,0.212,4,0.578,0,0.685,4,0.6
27,0.186,0.0367,4,-19.738,0,0.0371,0.983,0.231,0.103,0.0731,74.905,audio_features,200297,4,3,3GRRmV65lSUxQ82GHyVAZO,0QWea2w5Y6pSoSWHuc7JMf,Miles D. - Cool,184.72517,15.57138,0.067,-29.258,76.846,0.116,4,0.0,1,0.0,4,1.0
28,0.436,0.202,3,-14.218,1,0.0547,0.943,0.191,0.109,0.634,160.477,audio_features,192992,5,4,5e6IB3ls75JPn0tpXggs4W,0QWea2w5Y6pSoSWHuc7JMf,Miles D. - Cool,0.0,27.04785,1.0,-14.336,159.96,0.391,3,0.775,1,0.671,5,0.58
29,0.436,0.202,3,-14.218,1,0.0547,0.943,0.191,0.109,0.634,160.477,audio_features,192992,5,4,5e6IB3ls75JPn0tpXggs4W,0QWea2w5Y6pSoSWHuc7JMf,Miles D. - Cool,27.04785,15.71599,0.759,-10.957,161.243,0.349,8,0.678,1,0.351,4,0.095
30,0.436,0.202,3,-14.218,1,0.0547,0.943,0.191,0.109,0.634,160.477,audio_features,192992,5,4,5e6IB3ls75JPn0tpXggs4W,0QWea2w5Y6pSoSWHuc7JMf,Miles D. - Cool,42.76384,20.08817,0.635,-12.493,159.456,0.405,3,0.703,1,0.658,4,0.818
31,0.436,0.202,3,-14.218,1,0.0547,0.943,0.191,0.109,0.634,160.477,audio_features,192992,5,4,5e6IB3ls75JPn0tpXggs4W,0QWea2w5Y6pSoSWHuc7JMf,Miles D. - Cool,62.85201,18.1936,0.507,-12.702,160.685,0.458,3,0.367,1,0.334,4,0.979
32,0.436,0.202,3,-14.218,1,0.0547,0.943,0.191,0.109,0.634,160.477,audio_features,192992,5,4,5e6IB3ls75JPn0tpXggs4W,0QWea2w5Y6pSoSWHuc7JMf,Miles D. - Cool,81.0456,13.38974,0.592,-14.557,160.736,0.469,8,0.478,1,0.434,4,1.0
33,0.436,0.202,3,-14.218,1,0.0547,0.943,0.191,0.109,0.634,160.477,audio_features,192992,5,4,5e6IB3ls75JPn0tpXggs4W,0QWea2w5Y6pSoSWHuc7JMf,Miles D. - Cool,94.43535,19.85426,0.65,-16.46,160.472,0.339,8,0.581,1,0.592,4,0.872
34,0.436,0.202,3,-14.218,1,0.0547,0.943,0.191,0.109,0.634,160.477,audio_features,192992,5,4,5e6IB3ls75JPn0tpXggs4W,0QWea2w5Y6pSoSWHuc7JMf,Miles D. - Cool,114.28961,21.89424,0.324,-18.036,161.546,0.442,7,0.292,0,0.425,5,0.965
35,0.436,0.202,3,-14.218,1,0.0547,0.943,0.191,0.109,0.634,160.477,audio_features,192992,5,4,5e6IB3ls75JPn0tpXggs4W,0QWea2w5Y6pSoSWHuc7JMf,Miles D. - Cool,136.18385,28.92813,0.865,-14.636,161.07,0.463,3,0.702,1,0.56,5,1.0
36,0.436,0.202,3,-14.218,1,0.0547,0.943,0.191,0.109,0.634,160.477,audio_features,192992,5,4,5e6IB3ls75JPn0tpXggs4W,0QWea2w5Y6pSoSWHuc7JMf,Miles D. - Cool,165.11198,16.01561,0.239,-14.146,161.409,0.37,3,0.033,1,0.2,5,0.976
37,0.436,0.202,3,-14.218,1,0.0547,0.943,0.191,0.109,0.634,160.477,audio_features,192992,5,4,5e6IB3ls75JPn0tpXggs4W,0QWea2w5Y6pSoSWHuc7JMf,Miles D. - Cool,181.1276,11.86479,0.657,-16.88,158.718,0.259,6,0.0,0,0.0,1,0.8
38,0.5,0.286,8,-15.187,1,0.0743,0.852,0.00278,0.216,0.771,119.679,audio_features,155746,4,5,1BKp2En4K35hf0KQ8oPAlZ,0QWea2w5Y6pSoSWHuc7JMf,Miles D. - Cool,0.0,9.30372,1.0,-15.131,118.006,0.591,1,0.0,1,0.0,4,1.0
39,0.5,0.286,8,-15.187,1,0.0743,0.852,0.00278,0.216,0.771,119.679,audio_features,155746,4,5,1BKp2En4K35hf0KQ8oPAlZ,0QWea2w5Y6pSoSWHuc7JMf,Miles D. - Cool,9.30372,36.2414,0.085,-16.048,119.727,0.435,7,0.538,0,0.352,4,0.286
40,0.5,0.286,8,-15.187,1,0.0743,0.852,0.00278,0.216,0.771,119.679,audio_features,155746,4,5,1BKp2En4K35hf0KQ8oPAlZ,0QWea2w5Y6pSoSWHuc7JMf,Miles D. - Cool,45.54512,27.53289,0.325,-15.084,121.634,0.421,8,0.18,1,0.259,4,0.412
41,0.5,0.286,8,-15.187,1,0.0743,0.852,0.00278,0.216,0.771,119.679,audio_features,155746,4,5,1BKp2En4K35hf0KQ8oPAlZ,0QWea2w5Y6pSoSWHuc7JMf,Miles D. - Cool,73.07802,15.83157,0.569,-17.054,120.937,0.357,8,0.613,1,0.455,1,0.389
42,0.5,0.286,8,-15.187,1,0.0743,0.852,0.00278,0.216,0.771,119.679,audio_features,155746,4,5,1BKp2En4K35hf0KQ8oPAlZ,0QWea2w5Y6pSoSWHuc7JMf,Miles D. - Cool,88.90959,15.13528,0.777,-15.912,122.237,0.519,8,0.536,1,0.458,4,0.636
43,0.5,0.286,8,-15.187,1,0.0743,0.852,0.00278,0.216,0.771,119.679,audio_features,155746,4,5,1BKp2En4K35hf0KQ8oPAlZ,0QWea2w5Y6pSoSWHuc7JMf,Miles D. - Cool,104.04487,31.80548,0.844,-14.175,118.83,0.453,8,0.078,1,0.258,1,0.385
44,0.5,0.286,8,-15.187,1,0.0743,0.852,0.00278,0.216,0.771,119.679,audio_features,155746,4,5,1BKp2En4K35hf0KQ8oPAlZ,0QWea2w5Y6pSoSWHuc7JMf,Miles D. - Cool,135.85036,13.84344,0.34,-13.209,112.896,0.593,8,0.077,1,0.405,1,0.833
45,0.5,0.286,8,-15.187,1,0.0743,0.852,0.00278,0.216,0.771,119.679,audio_features,155746,4,5,1BKp2En4K35hf0KQ8oPAlZ,0QWea2w5Y6pSoSWHuc7JMf,Miles D. - Cool,149.69379,6.0522,0.825,-38.411,0.0,0.0,1,0.0,1,0.0,1,0.667
46,0.477,0.252,5,-18.09,1,0.0341,0.866,0.00218,0.0657,0.57,100.783,audio_features,168760,4,6,6Tq8Fj8jZQIO24XhXV5Dno,0QWea2w5Y6pSoSWHuc7JMf,Miles D. - Cool,0.0,33.66834,1.0,-18.012,99.074,0.421,5,0.207,1,0.234,4,0.312
47,0.477,0.252,5,-18.09,1,0.0341,0.866,0.00218,0.0657,0.57,100.783,audio_features,168760,4,6,6Tq8Fj8jZQIO24XhXV5Dno,0QWea2w5Y6pSoSWHuc7JMf,Miles D. - Cool,33.66834,11.72064,0.229,-17.479,103.203,0.352,5,0.211,1,0.484,3,1.0
48,0.477,0.252,5,-18.09,1,0.0341,0.866,0.00218,0.0657,0.57,100.783,audio_features,168760,4,6,6Tq8Fj8jZQIO24XhXV5Dno,0QWea2w5Y6pSoSWHuc7JMf,Miles D. - Cool,45.38898,14.35504,0.275,-17.664,100.452,0.43,7,0.538,0,0.613,3,0.4
49,0.477,0.252,5,-18.09,1,0.0341,0.866,0.00218,0.0657,0.57,100.783,audio_features,168760,4,6,6Tq8Fj8jZQIO24XhXV5Dno,0QWea2w5Y6pSoSWHuc7JMf,Miles D. - Cool,59.74402,7.70074,0.093,-19.233,101.541,0.269,5,0.173,1,0.563,4,1.0
50,0.477,0.252,5,-18.09,1,0.0341,0.866,0.00218,0.0657,0.57,100.783,audio_features,168760,4,6,6Tq8Fj8jZQIO24XhXV5Dno,0QWea2w5Y6pSoSWHuc7JMf,Miles D. - Cool,67.44476,14.25557,0.095,-19.129,100.274,0.387,7,0.157,1,0.334,4,1.0
51,0.477,0.252,5,-18.09,1,0.0341,0.866,0.00218,0.0657,0.57,100.783,audio_features,168760,4,6,6Tq8Fj8jZQIO24XhXV5Dno,0QWea2w5Y6pSoSWHuc7JMf,Miles D. - Cool,81.70033,11.82779,0.544,-16.074,101.294,0.297,7,0.452,0,0.457,4,1.0
52,0.477,0.252,5,-18.09,1,0.0341,0.866,0.00218,0.0657,0.57,100.783,audio_features,168760,4,6,6Tq8Fj8jZQIO24XhXV5Dno,0QWea2w5Y6pSoSWHuc7JMf,Miles D. - Cool,93.52812,20.28154,0.579,-17.792,101.184,0.38,2,0.05,0,0.367,4,0.583
53,0.477,0.252,5,-18.09,1,0.0341,0.866,0.00218,0.0657,0.57,100.783,audio_features,168760,4,6,6Tq8Fj8jZQIO24XhXV5Dno,0QWea2w5Y6pSoSWHuc7JMf,Miles D. - Cool,113.80966,17.63208,0.596,-19.922,102.362,0.379,7,0.165,0,0.519,5,0.5
54,0.477,0.252,5,-18.09,1,0.0341,0.866,0.00218,0.0657,0.57,100.783,audio_features,168760,4,6,6Tq8Fj8jZQIO24XhXV5Dno,0QWea2w5Y6pSoSWHuc7JMf,Miles D. - Cool,131.44176,22.93152,0.548,-17.75,101.955,0.376,5,0.418,1,0.386,4,1.0
55,0.477,0.252,5,-18.09,1,0.0341,0.866,0.00218,0.0657,0.57,100.783,audio_features,168760,4,6,6Tq8Fj8jZQIO24XhXV5Dno,0QWea2w5Y6pSoSWHuc7JMf,Miles D. - Cool,154.37328,14.387,0.581,-15.259,102.943,0.184,10,0.452,1,0.718,4,1.0
56,0.477,0.271,8,-14.363,1,0.0453,0.893,0.00359,0.131,0.597,86.111,audio_features,189925,4,7,4R7zWSh3kH7mAftCc1SUg1,0QWea2w5Y6pSoSWHuc7JMf,Miles D. - Cool,0.0,19.24495,1.0,-16.179,90.183,0.581,6,0.364,1,0.543,3,1.0
57,0.477,0.271,8,-14.363,1,0.0453,0.893,0.00359,0.131,0.597,86.111,audio_features,189925,4,7,4R7zWSh3kH7mAftCc1SUg1,0QWea2w5Y6pSoSWHuc7JMf,Miles D. - Cool,19.24495,22.7127,0.611,-13.973,87.571,0.519,8,0.095,1,0.413,3,0.846
58,0.477,0.271,8,-14.363,1,0.0453,0.893,0.00359,0.131,0.597,86.111,audio_features,189925,4,7,4R7zWSh3kH7mAftCc1SUg1,0QWea2w5Y6pSoSWHuc7JMf,Miles D. - Cool,41.95765,54.20744,0.507,-13.433,86.836,0.516,3,0.299,1,0.512,4,0.118
59,0.477,0.271,8,-14.363,1,0.0453,0.893,0.00359,0.131,0.597,86.111,audio_features,189925,4,7,4R7zWSh3kH7mAftCc1SUg1,0QWea2w5Y6pSoSWHuc7JMf,Miles D. - Cool,96.16509,23.56454,0.691,-18.611,86.95,0.464,3,0.515,0,0.599,4,0.867
60,0.477,0.271,8,-14.363,1,0.0453,0.893,0.00359,0.131,0.597,86.111,audio_features,189925,4,7,4R7zWSh3kH7mAftCc1SUg1,0QWea2w5Y6pSoSWHuc7JMf,Miles D. - Cool,119.72963,35.15863,0.684,-12.782,85.578,0.546,5,0.035,0,0.239,4,0.958
61,0.477,0.271,8,-14.363,1,0.0453,0.893,0.00359,0.131,0.597,86.111,audio_features,189925,4,7,4R7zWSh3kH7mAftCc1SUg1,0QWea2w5Y6pSoSWHuc7JMf,Miles D. - Cool,154.88826,10.36093,0.5,-16.669,85.932,0.565,3,0.0,1,0.0,4,1.0
62,0.477,0.271,8,-14.363,1,0.0453,0.893,0.00359,0.131,0.597,86.111,audio_features,189925,4,7,4R7zWSh3kH7mAftCc1SUg1,0QWea2w5Y6pSoSWHuc7JMf,Miles D. - Cool,165.2492,24.6757,0.346,-14.289,83.477,0.502,6,0.217,1,0.308,4,1.0
63,0.488,0.176,5,-15.979,1,0.0399,0.932,0.00345,0.0935,0.497,135.593,audio_features,181989,4,8,0Wz6DLq8NBoi1viEqrdH9B,0QWea2w5Y6pSoSWHuc7JMf,Miles D. - Cool,0.0,61.07734,1.0,-15.996,134.496,0.352,5,0.502,1,0.465,4,0.985
64,0.488,0.176,5,-15.979,1,0.0399,0.932,0.00345,0.0935,0.497,135.593,audio_features,181989,4,8,0Wz6DLq8NBoi1viEqrdH9B,0QWea2w5Y6pSoSWHuc7JMf,Miles D. - Cool,61.07734,10.8842,0.511,-18.528,133.088,0.43,0,0.008,0,0.233,4,1.0
65,0.488,0.176,5,-15.979,1,0.0399,0.932,0.00345,0.0935,0.497,135.593,audio_features,181989,4,8,0Wz6DLq8NBoi1viEqrdH9B,0QWea2w5Y6pSoSWHuc7JMf,Miles D. - Cool,71.96154,24.70415,0.226,-18.452,138.772,0.335,7,0.158,0,0.365,4,1.0
66,0.488,0.176,5,-15.979,1,0.0399,0.932,0.00345,0.0935,0.497,135.593,audio_features,181989,4,8,0Wz6DLq8NBoi1viEqrdH9B,0QWea2w5Y6pSoSWHuc7JMf,Miles D. - Cool,96.66569,20.00611,1.0,-12.067,135.813,0.417,8,0.213,1,0.697,4,1.0
67,0.488,0.176,5,-15.979,1,0.0399,0.932,0.00345,0.0935,0.497,135.593,audio_features,181989,4,8,0Wz6DLq8NBoi1viEqrdH9B,0QWea2w5Y6pSoSWHuc7JMf,Miles D. - Cool,116.6718,15.43448,0.394,-13.939,131.637,0.368,2,0.655,0,0.625,4,1.0
68,0.488,0.176,5,-15.979,1,0.0399,0.932,0.00345,0.0935,0.497,135.593,audio_features,181989,4,8,0Wz6DLq8NBoi1viEqrdH9B,0QWea2w5Y6pSoSWHuc7JMf,Miles D. - Cool,132.10628,14.32206,0.801,-16.171,137.654,0.373,7,0.0,0,0.194,4,1.0
69,0.488,0.176,5,-15.979,1,0.0399,0.932,0.00345,0.0935,0.497,135.593,audio_features,181989,4,8,0Wz6DLq8NBoi1viEqrdH9B,0QWea2w5Y6pSoSWHuc7JMf,Miles D. - Cool,146.42834,12.22822,0.666,-20.404,138.236,0.54,3,0.0,1,0.0,4,1.0
70,0.488,0.176,5,-15.979,1,0.0399,0.932,0.00345,0.0935,0.497,135.593,audio_features,181989,4,8,0Wz6DLq8NBoi1viEqrdH9B,0QWea2w5Y6pSoSWHuc7JMf,Miles D. - Cool,158.65656,23.33238,0.491,-17.953,135.453,0.308,0,0.353,0,0.142,4,1.0
71,0.481,0.258,7,-14.893,0,0.0359,0.788,0.0,0.122,0.493,68.13,audio_features,186741,3,9,1KakNYJMxHUeX0WxqRuUtS,0QWea2w5Y6pSoSWHuc7JMf,Miles D. - Cool,0.0,8.16164,1.0,-12.188,69.212,0.314,8,0.051,1,0.453,3,1.0
72,0.481,0.258,7,-14.893,0,0.0359,0.788,0.0,0.122,0.493,68.13,audio_features,186741,3,9,1KakNYJMxHUeX0WxqRuUtS,0QWea2w5Y6pSoSWHuc7JMf,Miles D. - Cool,8.16164,27.02851,0.365,-17.371,68.22,0.315,0,0.296,1,0.27,3,1.0
73,0.481,0.258,7,-14.893,0,0.0359,0.788,0.0,0.122,0.493,68.13,audio_features,186741,3,9,1KakNYJMxHUeX0WxqRuUtS,0QWea2w5Y6pSoSWHuc7JMf,Miles D. - Cool,35.19014,11.0193,0.144,-17.104,71.15,0.376,9,0.0,0,0.0,3,1.0
74,0.481,0.258,7,-14.893,0,0.0359,0.788,0.0,0.122,0.493,68.13,audio_features,186741,3,9,1KakNYJMxHUeX0WxqRuUtS,0QWea2w5Y6pSoSWHuc7JMf,Miles D. - Cool,46.20944,15.64483,0.29,-15.528,69.143,0.439,1,0.118,0,0.182,3,0.615
75,0.481,0.258,7,-14.893,0,0.0359,0.788,0.0,0.122,0.493,68.13,audio_features,186741,3,9,1KakNYJMxHUeX0WxqRuUtS,0QWea2w5Y6pSoSWHuc7JMf,Miles D. - Cool,61.85427,15.69155,0.321,-15.941,69.213,0.441,1,0.557,0,0.352,5,0.2
76,0.481,0.258,7,-14.893,0,0.0359,0.788,0.0,0.122,0.493,68.13,audio_features,186741,3,9,1KakNYJMxHUeX0WxqRuUtS,0QWea2w5Y6pSoSWHuc7JMf,Miles D. - Cool,77.54582,10.74113,0.428,-12.59,67.209,0.415,2,0.042,1,0.33,4,0.167
77,0.481,0.258,7,-14.893,0,0.0359,0.788,0.0,0.122,0.493,68.13,audio_features,186741,3,9,1KakNYJMxHUeX0WxqRuUtS,0QWea2w5Y6pSoSWHuc7JMf,Miles D. - Cool,88.28695,15.21246,0.16,-11.691,66.418,0.486,0,0.128,1,0.403,3,0.938
78,0.481,0.258,7,-14.893,0,0.0359,0.788,0.0,0.122,0.493,68.13,audio_features,186741,3,9,1KakNYJMxHUeX0WxqRuUtS,0QWea2w5Y6pSoSWHuc7JMf,Miles D. - Cool,103.49941,18.43572,0.182,-14.747,68.959,0.549,0,0.431,0,0.451,3,1.0
79,0.481,0.258,7,-14.893,0,0.0359,0.788,0.0,0.122,0.493,68.13,audio_features,186741,3,9,1KakNYJMxHUeX0WxqRuUtS,0QWea2w5Y6pSoSWHuc7JMf,Miles D. - Cool,121.93512,24.79324,0.025,-14.519,67.532,0.543,7,0.127,0,0.327,3,1.0
80,0.481,0.258,7,-14.893,0,0.0359,0.788,0.0,0.122,0.493,68.13,audio_features,186741,3,9,1KakNYJMxHUeX0WxqRuUtS,0QWea2w5Y6pSoSWHuc7JMf,Miles D. - Cool,146.72836,16.36744,0.227,-13.614,69.444,0.461,10,0.08,1,0.427,3,1.0
81,0.481,0.258,7,-14.893,0,0.0359,0.788,0.0,0.122,0.493,68.13,audio_features,186741,3,9,1KakNYJMxHUeX0WxqRuUtS,0QWea2w5Y6pSoSWHuc7JMf,Miles D. - Cool,163.09581,13.3675,0.39,-15.381,66.756,0.447,0,0.416,0,0.509,3,1.0
82,0.481,0.258,7,-14.893,0,0.0359,0.788,0.0,0.122,0.493,68.13,audio_features,186741,3,9,1KakNYJMxHUeX0WxqRuUtS,0QWea2w5Y6pSoSWHuc7JMf,Miles D. - Cool,176.4633,10.27787,0.164,-16.681,0.0,0.0,2,0.0,1,0.0,3,1.0
83,0.376,0.324,0,-11.701,1,0.0407,0.848,0.000386,0.121,0.744,174.485,audio_features,138322,3,10,6xdpwECaUdzv48eP9W9Urj,0QWea2w5Y6pSoSWHuc7JMf,Miles D. - Cool,0.0,9.86882,1.0,-14.06,175.607,0.419,10,0.0,0,0.0,3,1.0
84,0.376,0.324,0,-11.701,1,0.0407,0.848,0.000386,0.121,0.744,174.485,audio_features,138322,3,10,6xdpwECaUdzv48eP9W9Urj,0QWea2w5Y6pSoSWHuc7JMf,Miles D. - Cool,9.86882,35.15253,0.579,-10.17,173.234,0.394,0,0.112,1,0.646,3,0.798
85,0.376,0.324,0,-11.701,1,0.0407,0.848,0.000386,0.121,0.744,174.485,audio_features,138322,3,10,6xdpwECaUdzv48eP9W9Urj,0QWea2w5Y6pSoSWHuc7JMf,Miles D. - Cool,45.02135,15.89021,0.596,-15.026,173.18,0.303,5,0.451,0,0.328,4,1.0
86,0.376,0.324,0,-11.701,1,0.0407,0.848,0.000386,0.121,0.744,174.485,audio_features,138322,3,10,6xdpwECaUdzv48eP9W9Urj,0QWea2w5Y6pSoSWHuc7JMf,Miles D. - Cool,60.91157,23.26092,0.37,-11.711,175.435,0.323,0,0.279,0,0.448,4,0.847
87,0.376,0.324,0,-11.701,1,0.0407,0.848,0.000386,0.121,0.744,174.485,audio_features,138322,3,10,6xdpwECaUdzv48eP9W9Urj,0QWea2w5Y6pSoSWHuc7JMf,Miles D. - Cool,84.17249,43.13034,0.976,-11.646,177.549,0.358,0,0.565,1,0.251,3,1.0
88,0.376,0.324,0,-11.701,1,0.0407,0.848,0.000386,0.121,0.744,174.485,audio_features,138322,3,10,6xdpwECaUdzv48eP9W9Urj,0QWea2w5Y6pSoSWHuc7JMf,Miles D. - Cool,127.30283,11.01867,0.809,-8.733,172.248,0.254,5,0.058,1,0.339,3,1.0
89,0.344,0.351,7,-12.709,1,0.05,0.86,0.00268,0.112,0.575,174.675,audio_features,195686,4,11,3AvqJzm3zQuRIpNXhdMaAN,0QWea2w5Y6pSoSWHuc7JMf,Miles D. - Cool,0.0,6.65276,1.0,-10.561,166.196,0.47,7,0.413,1,0.532,3,0.143
90,0.344,0.351,7,-12.709,1,0.05,0.86,0.00268,0.112,0.575,174.675,audio_features,195686,4,11,3AvqJzm3zQuRIpNXhdMaAN,0QWea2w5Y6pSoSWHuc7JMf,Miles D. - Cool,6.65276,42.67539,0.152,-12.31,172.58,0.378,7,0.422,1,0.409,4,0.958
91,0.344,0.351,7,-12.709,1,0.05,0.86,0.00268,0.112,0.575,174.675,audio_features,195686,4,11,3AvqJzm3zQuRIpNXhdMaAN,0QWea2w5Y6pSoSWHuc7JMf,Miles D. - Cool,49.32815,27.46521,1.0,-16.013,177.215,0.49,2,0.214,1,0.212,4,1.0
92,0.344,0.351,7,-12.709,1,0.05,0.86,0.00268,0.112,0.575,174.675,audio_features,195686,4,11,3AvqJzm3zQuRIpNXhdMaAN,0QWea2w5Y6pSoSWHuc7JMf,Miles D. - Cool,76.79336,15.45508,0.455,-12.643,175.365,0.434,0,0.159,1,0.44,4,1.0
93,0.344,0.351,7,-12.709,1,0.05,0.86,0.00268,0.112,0.575,174.675,audio_features,195686,4,11,3AvqJzm3zQuRIpNXhdMaAN,0QWea2w5Y6pSoSWHuc7JMf,Miles D. - Cool,92.24843,32.47367,1.0,-12.066,175.522,0.307,9,0.402,0,0.265,4,1.0
94,0.344,0.351,7,-12.709,1,0.05,0.86,0.00268,0.112,0.575,174.675,audio_features,195686,4,11,3AvqJzm3zQuRIpNXhdMaAN,0QWea2w5Y6pSoSWHuc7JMf,Miles D. - Cool,124.7221,10.19983,0.307,-11.734,174.485,0.334,4,0.0,0,0.063,4,1.0
95,0.344,0.351,7,-12.709,1,0.05,0.86,0.00268,0.112,0.575,174.675,audio_features,195686,4,11,3AvqJzm3zQuRIpNXhdMaAN,0QWea2w5Y6pSoSWHuc7JMf,Miles D. - Cool,134.92192,16.67822,0.22,-13.085,171.892,0.322,4,0.308,0,0.304,4,0.933
96,0.344,0.351,7,-12.709,1,0.05,0.86,0.00268,0.112,0.575,174.675,audio_features,195686,4,11,3AvqJzm3zQuRIpNXhdMaAN,0QWea2w5Y6pSoSWHuc7JMf,Miles D. - Cool,151.60014,33.88992,0.521,-12.193,168.476,0.327,7,0.339,1,0.376,3,0.209
97,0.344,0.351,7,-12.709,1,0.05,0.86,0.00268,0.112,0.575,174.675,audio_features,195686,4,11,3AvqJzm3zQuRIpNXhdMaAN,0QWea2w5Y6pSoSWHuc7JMf,Miles D. - Cool,185.49007,10.19552,0.664,-15.707,173.544,0.09,0,0.069,1,0.495,3,1.0
98,0.431,0.491,0,-10.746,0,0.0562,0.441,0.000458,0.134,0.577,148.243,audio_features,283440,4,1,18KSLe1ScEmgFt1XnyRSCV,7cZ6oBx0SEUPDAoxJtxNDh,John C. - Hard ,0.0,9.31598,1.0,-15.819,142.446,0.327,7,0.528,0,0.562,4,1.0
99,0.431,0.491,0,-10.746,0,0.0562,0.441,0.000458,0.134,0.577,148.243,audio_features,283440,4,1,18KSLe1ScEmgFt1XnyRSCV,7cZ6oBx0SEUPDAoxJtxNDh,John C. - Hard ,9.31598,13.28511,0.334,-13.992,143.982,0.237,0,0.0,0,0.0,4,1.0
100,0.431,0.491,0,-10.746,0,0.0562,0.441,0.000458,0.134,0.577,148.243,audio_features,283440,4,1,18KSLe1ScEmgFt1XnyRSCV,7cZ6oBx0SEUPDAoxJtxNDh,John C. - Hard ,22.6011,16.0782,0.37,-13.517,145.366,0.334,10,0.146,0,0.329,4,1.0
101,0.431,0.491,0,-10.746,0,0.0562,0.441,0.000458,0.134,0.577,148.243,audio_features,283440,4,1,18KSLe1ScEmgFt1XnyRSCV,7cZ6oBx0SEUPDAoxJtxNDh,John C. - Hard ,38.6793,22.64632,0.685,-9.883,145.441,0.414,10,0.022,0,0.272,4,0.962
102,0.431,0.491,0,-10.746,0,0.0562,0.441,0.000458,0.134,0.577,148.243,audio_features,283440,4,1,18KSLe1ScEmgFt1XnyRSCV,7cZ6oBx0SEUPDAoxJtxNDh,John C. - Hard ,61.32562,66.73714,0.137,-9.218,144.719,0.385,1,0.124,1,0.16,4,0.974
103,0.431,0.491,0,-10.746,0,0.0562,0.441,0.000458,0.134,0.577,148.243,audio_features,283440,4,1,18KSLe1ScEmgFt1XnyRSCV,7cZ6oBx0SEUPDAoxJtxNDh,John C. - Hard ,128.06274,9.51295,0.239,-9.721,143.169,0.489,6,0.169,0,0.423,4,1.0
104,0.431,0.491,0,-10.746,0,0.0562,0.441,0.000458,0.134,0.577,148.243,audio_features,283440,4,1,18KSLe1ScEmgFt1XnyRSCV,7cZ6oBx0SEUPDAoxJtxNDh,John C. - Hard ,137.57571,37.01008,0.113,-9.651,145.755,0.457,0,0.539,0,0.41,4,0.571
105,0.431,0.491,0,-10.746,0,0.0562,0.441,0.000458,0.134,0.577,148.243,audio_features,283440,4,1,18KSLe1ScEmgFt1XnyRSCV,7cZ6oBx0SEUPDAoxJtxNDh,John C. - Hard ,174.58578,32.89983,1.0,-17.935,150.227,0.473,3,0.424,1,0.251,4,1.0
106,0.431,0.491,0,-10.746,0,0.0562,0.441,0.000458,0.134,0.577,148.243,audio_features,283440,4,1,18KSLe1ScEmgFt1XnyRSCV,7cZ6oBx0SEUPDAoxJtxNDh,John C. - Hard ,207.48561,18.22361,0.471,-17.67,151.443,0.544,5,0.0,0,0.189,3,0.296
107,0.431,0.491,0,-10.746,0,0.0562,0.441,0.000458,0.134,0.577,148.243,audio_features,283440,4,1,18KSLe1ScEmgFt1XnyRSCV,7cZ6oBx0SEUPDAoxJtxNDh,John C. - Hard ,225.70921,22.91546,1.0,-9.785,148.372,0.376,0,0.555,0,0.399,3,0.812
108,0.431,0.491,0,-10.746,0,0.0562,0.441,0.000458,0.134,0.577,148.243,audio_features,283440,4,1,18KSLe1ScEmgFt1XnyRSCV,7cZ6oBx0SEUPDAoxJtxNDh,John C. - Hard ,248.62466,29.84314,0.675,-12.051,143.001,0.25,3,0.388,1,0.394,4,1.0
109,0.431,0.491,0,-10.746,0,0.0562,0.441,0.000458,0.134,0.577,148.243,audio_features,283440,4,1,18KSLe1ScEmgFt1XnyRSCV,7cZ6oBx0SEUPDAoxJtxNDh,John C. - Hard ,278.4678,4.97192,0.738,-21.179,143.292,0.092,3,0.0,1,0.0,4,0.909
110,0.529,0.354,1,-15.427,1,0.0546,0.473,0.00371,0.144,0.443,111.434,audio_features,349533,4,2,1WHR4UpQNFysgxJV5uaxMi,7cZ6oBx0SEUPDAoxJtxNDh,John C. - Hard ,0.0,25.52825,1.0,-15.7,108.044,0.472,1,0.25,1,0.493,4,0.902
111,0.529,0.354,1,-15.427,1,0.0546,0.473,0.00371,0.144,0.443,111.434,audio_features,349533,4,2,1WHR4UpQNFysgxJV5uaxMi,7cZ6oBx0SEUPDAoxJtxNDh,John C. - Hard ,25.52825,7.03832,0.028,-13.51,112.283,0.329,1,0.179,1,0.475,4,1.0
112,0.529,0.354,1,-15.427,1,0.0546,0.473,0.00371,0.144,0.443,111.434,audio_features,349533,4,2,1WHR4UpQNFysgxJV5uaxMi,7cZ6oBx0SEUPDAoxJtxNDh,John C. - Hard ,32.56657,84.55322,0.157,-13.313,110.474,0.401,8,0.451,1,0.553,3,0.4
113,0.529,0.354,1,-15.427,1,0.0546,0.473,0.00371,0.144,0.443,111.434,audio_features,349533,4,2,1WHR4UpQNFysgxJV5uaxMi,7cZ6oBx0SEUPDAoxJtxNDh,John C. - Hard ,117.11978,11.66929,0.117,-13.898,114.667,0.354,6,0.474,1,0.434,3,1.0
114,0.529,0.354,1,-15.427,1,0.0546,0.473,0.00371,0.144,0.443,111.434,audio_features,349533,4,2,1WHR4UpQNFysgxJV5uaxMi,7cZ6oBx0SEUPDAoxJtxNDh,John C. - Hard ,128.78906,11.84782,0.068,-12.125,111.888,0.419,1,0.095,1,0.458,3,1.0
115,0.529,0.354,1,-15.427,1,0.0546,0.473,0.00371,0.144,0.443,111.434,audio_features,349533,4,2,1WHR4UpQNFysgxJV5uaxMi,7cZ6oBx0SEUPDAoxJtxNDh,John C. - Hard ,140.6369,15.76318,0.397,-13.871,110.842,0.387,10,0.343,0,0.363,4,0.885
116,0.529,0.354,1,-15.427,1,0.0546,0.473,0.00371,0.144,0.443,111.434,audio_features,349533,4,2,1WHR4UpQNFysgxJV5uaxMi,7cZ6oBx0SEUPDAoxJtxNDh,John C. - Hard ,156.40009,74.00325,0.616,-18.732,113.474,0.515,1,0.164,1,0.184,4,0.877
117,0.529,0.354,1,-15.427,1,0.0546,0.473,0.00371,0.144,0.443,111.434,audio_features,349533,4,2,1WHR4UpQNFysgxJV5uaxMi,7cZ6oBx0SEUPDAoxJtxNDh,John C. - Hard ,230.40334,17.38184,0.173,-19.271,114.203,0.459,1,0.102,1,0.15,4,0.821
118,0.529,0.354,1,-15.427,1,0.0546,0.473,0.00371,0.144,0.443,111.434,audio_features,349533,4,2,1WHR4UpQNFysgxJV5uaxMi,7cZ6oBx0SEUPDAoxJtxNDh,John C. - Hard ,247.78517,21.63549,0.977,-31.5,110.749,0.422,8,0.469,1,0.529,4,0.095
119,0.529,0.354,1,-15.427,1,0.0546,0.473,0.00371,0.144,0.443,111.434,audio_features,349533,4,2,1WHR4UpQNFysgxJV5uaxMi,7cZ6oBx0SEUPDAoxJtxNDh,John C. - Hard ,269.42065,15.63285,0.474,-27.207,112.037,0.471,1,0.049,1,0.357,3,0.0
120,0.529,0.354,1,-15.427,1,0.0546,0.473,0.00371,0.144,0.443,111.434,audio_features,349533,4,2,1WHR4UpQNFysgxJV5uaxMi,7cZ6oBx0SEUPDAoxJtxNDh,John C. - Hard ,285.0535,35.59545,1.0,-13.033,109.165,0.412,1,0.43,1,0.463,4,0.984
121,0.529,0.354,1,-15.427,1,0.0546,0.473,0.00371,0.144,0.443,111.434,audio_features,349533,4,2,1WHR4UpQNFysgxJV5uaxMi,7cZ6oBx0SEUPDAoxJtxNDh,John C. - Hard ,320.64896,18.78753,0.369,-14.198,108.108,0.413,1,0.237,1,0.304,4,1.0
122,0.529,0.354,1,-15.427,1,0.0546,0.473,0.00371,0.144,0.443,111.434,audio_features,349533,4,2,1WHR4UpQNFysgxJV5uaxMi,7cZ6oBx0SEUPDAoxJtxNDh,John C. - Hard ,339.4365,10.09686,0.874,-25.937,111.934,0.208,1,0.0,1,0.0,4,1.0
123,0.423,0.494,4,-14.248,0,0.0629,0.668,0.0753,0.103,0.526,172.715,audio_features,145440,3,3,0m9kjCcQ6jSGBNuTAr0d0i,7cZ6oBx0SEUPDAoxJtxNDh,John C. - Hard ,0.0,9.98346,1.0,-22.617,183.882,0.64,2,0.0,1,0.0,4,1.0
124,0.423,0.494,4,-14.248,0,0.0629,0.668,0.0753,0.103,0.526,172.715,audio_features,145440,3,3,0m9kjCcQ6jSGBNuTAr0d0i,7cZ6oBx0SEUPDAoxJtxNDh,John C. - Hard ,9.98346,14.30882,0.119,-24.578,187.575,0.46,7,0.005,1,0.322,4,0.842
125,0.423,0.494,4,-14.248,0,0.0629,0.668,0.0753,0.103,0.526,172.715,audio_features,145440,3,3,0m9kjCcQ6jSGBNuTAr0d0i,7cZ6oBx0SEUPDAoxJtxNDh,John C. - Hard ,24.29228,22.43422,1.0,-16.991,188.598,0.373,4,0.448,0,0.436,4,0.938
126,0.423,0.494,4,-14.248,0,0.0629,0.668,0.0753,0.103,0.526,172.715,audio_features,145440,3,3,0m9kjCcQ6jSGBNuTAr0d0i,7cZ6oBx0SEUPDAoxJtxNDh,John C. - Hard ,46.72651,16.32906,0.186,-14.602,173.92,0.397,2,0.062,0,0.0,4,1.0
127,0.423,0.494,4,-14.248,0,0.0629,0.668,0.0753,0.103,0.526,172.715,audio_features,145440,3,3,0m9kjCcQ6jSGBNuTAr0d0i,7cZ6oBx0SEUPDAoxJtxNDh,John C. - Hard ,63.05557,50.48861,0.027,-13.12,171.761,0.37,10,0.492,1,0.306,3,0.598
128,0.423,0.494,4,-14.248,0,0.0629,0.668,0.0753,0.103,0.526,172.715,audio_features,145440,3,3,0m9kjCcQ6jSGBNuTAr0d0i,7cZ6oBx0SEUPDAoxJtxNDh,John C. - Hard ,113.54418,21.60724,0.275,-9.451,163.793,0.287,7,0.025,1,0.473,3,0.689
129,0.423,0.494,4,-14.248,0,0.0629,0.668,0.0753,0.103,0.526,172.715,audio_features,145440,3,3,0m9kjCcQ6jSGBNuTAr0d0i,7cZ6oBx0SEUPDAoxJtxNDh,John C. - Hard ,135.15141,10.28858,1.0,-25.17,171.448,0.191,9,0.0,1,0.0,4,1.0
130,0.524,0.299,7,-13.617,1,0.0337,0.621,0.102,0.0706,0.316,91.968,audio_features,362867,4,4,3E7FQp6WyhCNVgcWeEZFJw,7cZ6oBx0SEUPDAoxJtxNDh,John C. - Hard ,0.0,16.4439,1.0,-14.499,97.328,0.344,2,0.374,1,0.48,4,1.0
131,0.524,0.299,7,-13.617,1,0.0337,0.621,0.102,0.0706,0.316,91.968,audio_features,362867,4,4,3E7FQp6WyhCNVgcWeEZFJw,7cZ6oBx0SEUPDAoxJtxNDh,John C. - Hard ,16.4439,8.39362,0.4,-13.513,94.298,0.262,2,0.0,1,0.0,4,1.0
132,0.524,0.299,7,-13.617,1,0.0337,0.621,0.102,0.0706,0.316,91.968,audio_features,362867,4,4,3E7FQp6WyhCNVgcWeEZFJw,7cZ6oBx0SEUPDAoxJtxNDh,John C. - Hard ,24.83753,24.37473,0.286,-11.382,93.375,0.377,7,0.519,1,0.535,4,1.0
133,0.524,0.299,7,-13.617,1,0.0337,0.621,0.102,0.0706,0.316,91.968,audio_features,362867,4,4,3E7FQp6WyhCNVgcWeEZFJw,7cZ6oBx0SEUPDAoxJtxNDh,John C. - Hard ,49.21226,15.80376,0.282,-13.461,94.597,0.436,2,0.426,1,0.487,4,1.0
134,0.524,0.299,7,-13.617,1,0.0337,0.621,0.102,0.0706,0.316,91.968,audio_features,362867,4,4,3E7FQp6WyhCNVgcWeEZFJw,7cZ6oBx0SEUPDAoxJtxNDh,John C. - Hard ,65.01602,41.48697,0.038,-11.281,91.998,0.505,4,0.125,0,0.239,4,1.0
135,0.524,0.299,7,-13.617,1,0.0337,0.621,0.102,0.0706,0.316,91.968,audio_features,362867,4,4,3E7FQp6WyhCNVgcWeEZFJw,7cZ6oBx0SEUPDAoxJtxNDh,John C. - Hard ,106.50299,24.11549,0.21,-11.798,92.008,0.568,2,0.443,1,0.463,4,1.0
136,0.524,0.299,7,-13.617,1,0.0337,0.621,0.102,0.0706,0.316,91.968,audio_features,362867,4,4,3E7FQp6WyhCNVgcWeEZFJw,7cZ6oBx0SEUPDAoxJtxNDh,John C. - Hard ,130.61847,7.25832,0.343,-11.6,90.598,0.466,2,0.0,1,0.0,4,0.778
137,0.524,0.299,7,-13.617,1,0.0337,0.621,0.102,0.0706,0.316,91.968,audio_features,362867,4,4,3E7FQp6WyhCNVgcWeEZFJw,7cZ6oBx0SEUPDAoxJtxNDh,John C. - Hard ,137.87679,34.43272,0.167,-11.245,92.296,0.506,7,0.139,1,0.384,4,0.94
138,0.524,0.299,7,-13.617,1,0.0337,0.621,0.102,0.0706,0.316,91.968,audio_features,362867,4,4,3E7FQp6WyhCNVgcWeEZFJw,7cZ6oBx0SEUPDAoxJtxNDh,John C. - Hard ,172.30951,15.78662,0.547,-19.0,95.032,0.55,4,0.0,0,0.0,4,1.0
139,0.524,0.299,7,-13.617,1,0.0337,0.621,0.102,0.0706,0.316,91.968,audio_features,362867,4,4,3E7FQp6WyhCNVgcWeEZFJw,7cZ6oBx0SEUPDAoxJtxNDh,John C. - Hard ,188.09615,7.88344,0.098,-19.456,91.594,0.614,2,0.0,1,0.0,4,0.667
140,0.524,0.299,7,-13.617,1,0.0337,0.621,0.102,0.0706,0.316,91.968,audio_features,362867,4,4,3E7FQp6WyhCNVgcWeEZFJw,7cZ6oBx0SEUPDAoxJtxNDh,John C. - Hard ,195.97958,33.58744,0.154,-18.826,93.348,0.524,7,0.438,1,0.482,4,0.939
141,0.524,0.299,7,-13.617,1,0.0337,0.621,0.102,0.0706,0.316,91.968,audio_features,362867,4,4,3E7FQp6WyhCNVgcWeEZFJw,7cZ6oBx0SEUPDAoxJtxNDh,John C. - Hard ,229.56702,57.13259,0.764,-29.02,91.849,0.438,10,0.304,0,0.412,4,0.988
142,0.524,0.299,7,-13.617,1,0.0337,0.621,0.102,0.0706,0.316,91.968,audio_features,362867,4,4,3E7FQp6WyhCNVgcWeEZFJw,7cZ6oBx0SEUPDAoxJtxNDh,John C. - Hard ,286.69962,24.39089,1.0,-11.441,90.891,0.406,7,0.029,1,0.328,4,1.0
143,0.524,0.299,7,-13.617,1,0.0337,0.621,0.102,0.0706,0.316,91.968,audio_features,362867,4,4,3E7FQp6WyhCNVgcWeEZFJw,7cZ6oBx0SEUPDAoxJtxNDh,John C. - Hard ,311.0905,18.50549,0.202,-10.64,90.492,0.374,2,0.541,1,0.594,4,1.0
144,0.524,0.299,7,-13.617,1,0.0337,0.621,0.102,0.0706,0.316,91.968,audio_features,362867,4,4,3E7FQp6WyhCNVgcWeEZFJw,7cZ6oBx0SEUPDAoxJtxNDh,John C. - Hard ,329.596,7.35233,0.268,-11.676,89.958,0.294,3,0.0,1,0.0,4,1.0
145,0.524,0.299,7,-13.617,1,0.0337,0.621,0.102,0.0706,0.316,91.968,audio_features,362867,4,4,3E7FQp6WyhCNVgcWeEZFJw,7cZ6oBx0SEUPDAoxJtxNDh,John C. - Hard ,336.94833,13.9248,0.444,-12.175,91.321,0.342,11,0.698,0,0.71,4,1.0
146,0.524,0.299,7,-13.617,1,0.0337,0.621,0.102,0.0706,0.316,91.968,audio_features,362867,4,4,3E7FQp6WyhCNVgcWeEZFJw,7cZ6oBx0SEUPDAoxJtxNDh,John C. - Hard ,350.87314,11.99354,0.486,-24.72,0.0,0.0,11,0.0,0,0.0,4,1.0
147,0.597,0.197,10,-16.144,0,0.0516,0.676,0.0168,0.128,0.41,93.371,audio_features,425627,4,5,6ajMQchIMdFZZfcJZiKhm0,7cZ6oBx0SEUPDAoxJtxNDh,John C. - Hard ,0.0,11.05961,1.0,-29.449,94.349,0.728,5,0.021,0,0.327,4,1.0
148,0.597,0.197,10,-16.144,0,0.0516,0.676,0.0168,0.128,0.41,93.371,audio_features,425627,4,5,6ajMQchIMdFZZfcJZiKhm0,7cZ6oBx0SEUPDAoxJtxNDh,John C. - Hard ,11.05961,10.2392,0.754,-18.545,93.773,0.832,4,0.014,1,0.321,4,1.0
149,0.597,0.197,10,-16.144,0,0.0516,0.676,0.0168,0.128,0.41,93.371,audio_features,425627,4,5,6ajMQchIMdFZZfcJZiKhm0,7cZ6oBx0SEUPDAoxJtxNDh,John C. - Hard ,21.29881,10.24648,0.621,-11.913,93.187,0.281,8,0.0,1,0.0,4,1.0
150,0.597,0.197,10,-16.144,0,0.0516,0.676,0.0168,0.128,0.41,93.371,audio_features,425627,4,5,6ajMQchIMdFZZfcJZiKhm0,7cZ6oBx0SEUPDAoxJtxNDh,John C. - Hard ,31.54529,9.09532,0.572,-15.385,92.118,0.853,7,0.745,1,0.7,4,1.0
151,0.597,0.197,10,-16.144,0,0.0516,0.676,0.0168,0.128,0.41,93.371,audio_features,425627,4,5,6ajMQchIMdFZZfcJZiKhm0,7cZ6oBx0SEUPDAoxJtxNDh,John C. - Hard ,40.6406,12.70423,0.436,-11.852,95.062,0.4,9,0.24,1,0.644,4,1.0
152,0.597,0.197,10,-16.144,0,0.0516,0.676,0.0168,0.128,0.41,93.371,audio_features,425627,4,5,6ajMQchIMdFZZfcJZiKhm0,7cZ6oBx0SEUPDAoxJtxNDh,John C. - Hard ,53.34483,47.12907,0.421,-11.423,95.33,0.441,7,0.836,1,0.557,4,1.0
153,0.597,0.197,10,-16.144,0,0.0516,0.676,0.0168,0.128,0.41,93.371,audio_features,425627,4,5,6ajMQchIMdFZZfcJZiKhm0,7cZ6oBx0SEUPDAoxJtxNDh,John C. - Hard ,100.4739,18.20626,0.245,-10.393,95.071,0.466,10,0.686,0,0.551,4,1.0
154,0.597,0.197,10,-16.144,0,0.0516,0.676,0.0168,0.128,0.41,93.371,audio_features,425627,4,5,6ajMQchIMdFZZfcJZiKhm0,7cZ6oBx0SEUPDAoxJtxNDh,John C. - Hard ,118.68016,14.55423,0.041,-8.587,94.257,0.444,0,0.091,0,0.485,4,1.0
155,0.597,0.197,10,-16.144,0,0.0516,0.676,0.0168,0.128,0.41,93.371,audio_features,425627,4,5,6ajMQchIMdFZZfcJZiKhm0,7cZ6oBx0SEUPDAoxJtxNDh,John C. - Hard ,133.23439,21.17195,0.075,-10.779,93.841,0.448,4,0.13,1,0.223,4,1.0
156,0.597,0.197,10,-16.144,0,0.0516,0.676,0.0168,0.128,0.41,93.371,audio_features,425627,4,5,6ajMQchIMdFZZfcJZiKhm0,7cZ6oBx0SEUPDAoxJtxNDh,John C. - Hard ,154.40636,14.69672,0.612,-18.741,93.674,0.6,7,0.629,1,0.539,4,1.0
157,0.597,0.197,10,-16.144,0,0.0516,0.676,0.0168,0.128,0.41,93.371,audio_features,425627,4,5,6ajMQchIMdFZZfcJZiKhm0,7cZ6oBx0SEUPDAoxJtxNDh,John C. - Hard ,169.10307,25.59021,0.273,-18.492,93.348,0.616,7,0.638,1,0.47,4,0.091
158,0.597,0.197,10,-16.144,0,0.0516,0.676,0.0168,0.128,0.41,93.371,audio_features,425627,4,5,6ajMQchIMdFZZfcJZiKhm0,7cZ6oBx0SEUPDAoxJtxNDh,John C. - Hard ,194.69328,63.63201,0.508,-18.291,93.619,0.562,7,0.708,1,0.569,4,0.2
159,0.597,0.197,10,-16.144,0,0.0516,0.676,0.0168,0.128,0.41,93.371,audio_features,425627,4,5,6ajMQchIMdFZZfcJZiKhm0,7cZ6oBx0SEUPDAoxJtxNDh,John C. - Hard ,258.3253,28.45756,1.0,-32.735,92.907,0.546,10,0.213,0,0.312,3,0.227
160,0.597,0.197,10,-16.144,0,0.0516,0.676,0.0168,0.128,0.41,93.371,audio_features,425627,4,5,6ajMQchIMdFZZfcJZiKhm0,7cZ6oBx0SEUPDAoxJtxNDh,John C. - Hard ,286.78284,73.07554,0.014,-32.202,92.794,0.551,10,0.604,0,0.565,4,0.738
161,0.597,0.197,10,-16.144,0,0.0516,0.676,0.0168,0.128,0.41,93.371,audio_features,425627,4,5,6ajMQchIMdFZZfcJZiKhm0,7cZ6oBx0SEUPDAoxJtxNDh,John C. - Hard ,359.85837,20.22221,0.562,-24.131,91.993,0.713,8,0.525,1,0.534,4,1.0
162,0.597,0.197,10,-16.144,0,0.0516,0.676,0.0168,0.128,0.41,93.371,audio_features,425627,4,5,6ajMQchIMdFZZfcJZiKhm0,7cZ6oBx0SEUPDAoxJtxNDh,John C. - Hard ,380.0806,9.99531,0.862,-13.928,90.47,0.337,0,0.0,0,0.0,4,1.0
163,0.597,0.197,10,-16.144,0,0.0516,0.676,0.0168,0.128,0.41,93.371,audio_features,425627,4,5,6ajMQchIMdFZZfcJZiKhm0,7cZ6oBx0SEUPDAoxJtxNDh,John C. - Hard ,390.0759,10.6013,0.434,-19.646,90.899,0.745,0,0.0,1,0.0,4,1.0
164,0.597,0.197,10,-16.144,0,0.0516,0.676,0.0168,0.128,0.41,93.371,audio_features,425627,4,5,6ajMQchIMdFZZfcJZiKhm0,7cZ6oBx0SEUPDAoxJtxNDh,John C. - Hard ,400.6772,14.16338,0.402,-13.65,92.726,0.297,8,0.15,0,0.52,4,1.0
165,0.597,0.197,10,-16.144,0,0.0516,0.676,0.0168,0.128,0.41,93.371,audio_features,425627,4,5,6ajMQchIMdFZZfcJZiKhm0,7cZ6oBx0SEUPDAoxJtxNDh,John C. - Hard ,414.84058,10.78609,0.47,-25.243,0.0,0.0,11,0.793,1,0.498,4,1.0
166,0.303,0.0141,10,-19.759,0,0.0418,0.948,0.0944,0.0792,0.157,171.439,audio_features,258266,3,6,360beQMahQ2FdZ9OmWYiBT,7cZ6oBx0SEUPDAoxJtxNDh,John C. - Hard ,0.0,16.27431,1.0,-14.704,136.947,0.194,1,0.112,1,0.359,3,0.478
167,0.303,0.0141,10,-19.759,0,0.0418,0.948,0.0944,0.0792,0.157,171.439,audio_features,258266,3,6,360beQMahQ2FdZ9OmWYiBT,7cZ6oBx0SEUPDAoxJtxNDh,John C. - Hard ,16.27431,16.49185,0.411,-16.498,137.495,0.213,1,0.402,1,0.555,3,0.69
168,0.303,0.0141,10,-19.759,0,0.0418,0.948,0.0944,0.0792,0.157,171.439,audio_features,258266,3,6,360beQMahQ2FdZ9OmWYiBT,7cZ6oBx0SEUPDAoxJtxNDh,John C. - Hard ,32.76617,29.28575,0.815,-17.59,136.999,0.197,6,0.0,1,0.0,3,0.543
169,0.303,0.0141,10,-19.759,0,0.0418,0.948,0.0944,0.0792,0.157,171.439,audio_features,258266,3,6,360beQMahQ2FdZ9OmWYiBT,7cZ6oBx0SEUPDAoxJtxNDh,John C. - Hard ,62.05191,54.50261,0.641,-24.075,171.968,0.285,10,0.571,0,0.428,3,1.0
170,0.303,0.0141,10,-19.759,0,0.0418,0.948,0.0944,0.0792,0.157,171.439,audio_features,258266,3,6,360beQMahQ2FdZ9OmWYiBT,7cZ6oBx0SEUPDAoxJtxNDh,John C. - Hard ,116.55453,23.47321,0.924,-21.346,172.453,0.3,6,0.0,1,0.0,3,1.0
171,0.303,0.0141,10,-19.759,0,0.0418,0.948,0.0944,0.0792,0.157,171.439,audio_features,258266,3,6,360beQMahQ2FdZ9OmWYiBT,7cZ6oBx0SEUPDAoxJtxNDh,John C. - Hard ,140.02773,10.24581,0.612,-23.815,170.501,0.301,8,0.303,1,0.517,3,1.0
172,0.303,0.0141,10,-19.759,0,0.0418,0.948,0.0944,0.0792,0.157,171.439,audio_features,258266,3,6,360beQMahQ2FdZ9OmWYiBT,7cZ6oBx0SEUPDAoxJtxNDh,John C. - Hard ,150.27354,16.31028,0.825,-23.759,169.285,0.288,10,0.338,0,0.2,3,1.0
173,0.303,0.0141,10,-19.759,0,0.0418,0.948,0.0944,0.0792,0.157,171.439,audio_features,258266,3,6,360beQMahQ2FdZ9OmWYiBT,7cZ6oBx0SEUPDAoxJtxNDh,John C. - Hard ,166.58383,24.17475,1.0,-14.548,172.431,0.189,10,0.0,0,0.0,3,1.0
174,0.303,0.0141,10,-19.759,0,0.0418,0.948,0.0944,0.0792,0.157,171.439,audio_features,258266,3,6,360beQMahQ2FdZ9OmWYiBT,7cZ6oBx0SEUPDAoxJtxNDh,John C. - Hard ,190.75858,50.792,1.0,-22.87,169.651,0.186,8,0.002,1,0.102,3,0.957
175,0.303,0.0141,10,-19.759,0,0.0418,0.948,0.0944,0.0792,0.157,171.439,audio_features,258266,3,6,360beQMahQ2FdZ9OmWYiBT,7cZ6oBx0SEUPDAoxJtxNDh,John C. - Hard ,241.55057,12.39045,0.914,-17.087,169.053,0.16,8,0.129,1,0.614,3,1.0
176,0.303,0.0141,10,-19.759,0,0.0418,0.948,0.0944,0.0792,0.157,171.439,audio_features,258266,3,6,360beQMahQ2FdZ9OmWYiBT,7cZ6oBx0SEUPDAoxJtxNDh,John C. - Hard ,253.94102,4.32537,0.863,-40.01,177.525,0.078,4,0.0,1,0.0,3,1.0
177,0.469,0.54,5,-11.856,0,0.0796,0.307,1.12e-05,0.363,0.576,130.693,audio_features,418560,4,7,3DVtZVNqzVdijj75Py1YEY,7cZ6oBx0SEUPDAoxJtxNDh,John C. - Hard ,0.0,17.60948,1.0,-15.203,127.808,0.336,5,0.447,0,0.276,3,0.692
178,0.469,0.54,5,-11.856,0,0.0796,0.307,1.12e-05,0.363,0.576,130.693,audio_features,418560,4,7,3DVtZVNqzVdijj75Py1YEY,7cZ6oBx0SEUPDAoxJtxNDh,John C. - Hard ,17.60948,14.93757,0.219,-11.771,128.731,0.358,8,0.284,1,0.407,3,1.0
179,0.469,0.54,5,-11.856,0,0.0796,0.307,1.12e-05,0.363,0.576,130.693,audio_features,418560,4,7,3DVtZVNqzVdijj75Py1YEY,7cZ6oBx0SEUPDAoxJtxNDh,John C. - Hard ,32.54705,21.82927,0.614,-10.915,128.901,0.374,5,0.0,0,0.032,3,0.045
180,0.469,0.54,5,-11.856,0,0.0796,0.307,1.12e-05,0.363,0.576,130.693,audio_features,418560,4,7,3DVtZVNqzVdijj75Py1YEY,7cZ6oBx0SEUPDAoxJtxNDh,John C. - Hard ,54.37632,32.97128,0.612,-12.309,129.139,0.421,10,0.003,0,0.202,4,1.0
181,0.469,0.54,5,-11.856,0,0.0796,0.307,1.12e-05,0.363,0.576,130.693,audio_features,418560,4,7,3DVtZVNqzVdijj75Py1YEY,7cZ6oBx0SEUPDAoxJtxNDh,John C. - Hard ,87.3476,26.6577,0.686,-9.649,128.377,0.429,8,0.034,1,0.231,4,0.65
182,0.469,0.54,5,-11.856,0,0.0796,0.307,1.12e-05,0.363,0.576,130.693,audio_features,418560,4,7,3DVtZVNqzVdijj75Py1YEY,7cZ6oBx0SEUPDAoxJtxNDh,John C. - Hard ,114.0053,7.42809,0.112,-9.178,128.38,0.377,7,0.006,1,0.181,4,0.769
183,0.469,0.54,5,-11.856,0,0.0796,0.307,1.12e-05,0.363,0.576,130.693,audio_features,418560,4,7,3DVtZVNqzVdijj75Py1YEY,7cZ6oBx0SEUPDAoxJtxNDh,John C. - Hard ,121.43339,22.3706,0.136,-11.194,128.618,0.402,8,0.232,1,0.419,4,0.286
184,0.469,0.54,5,-11.856,0,0.0796,0.307,1.12e-05,0.363,0.576,130.693,audio_features,418560,4,7,3DVtZVNqzVdijj75Py1YEY,7cZ6oBx0SEUPDAoxJtxNDh,John C. - Hard ,143.80399,21.01769,0.592,-9.188,128.319,0.405,8,0.493,1,0.681,4,0.333
185,0.469,0.54,5,-11.856,0,0.0796,0.307,1.12e-05,0.363,0.576,130.693,audio_features,418560,4,7,3DVtZVNqzVdijj75Py1YEY,7cZ6oBx0SEUPDAoxJtxNDh,John C. - Hard ,164.82167,13.97008,0.506,-10.199,129.954,0.396,5,0.226,0,0.195,4,0.421
186,0.469,0.54,5,-11.856,0,0.0796,0.307,1.12e-05,0.363,0.576,130.693,audio_features,418560,4,7,3DVtZVNqzVdijj75Py1YEY,7cZ6oBx0SEUPDAoxJtxNDh,John C. - Hard ,178.79175,24.97708,0.056,-10.894,127.275,0.341,8,0.0,1,0.0,1,0.528
187,0.469,0.54,5,-11.856,0,0.0796,0.307,1.12e-05,0.363,0.576,130.693,audio_features,418560,4,7,3DVtZVNqzVdijj75Py1YEY,7cZ6oBx0SEUPDAoxJtxNDh,John C. - Hard ,203.76883,33.9092,1.0,-18.722,130.364,0.519,0,0.072,0,0.518,4,0.238
188,0.469,0.54,5,-11.856,0,0.0796,0.307,1.12e-05,0.363,0.576,130.693,audio_features,418560,4,7,3DVtZVNqzVdijj75Py1YEY,7cZ6oBx0SEUPDAoxJtxNDh,John C. - Hard ,237.67802,28.97037,0.347,-17.654,132.802,0.544,0,0.062,0,0.411,4,0.694
189,0.469,0.54,5,-11.856,0,0.0796,0.307,1.12e-05,0.363,0.576,130.693,audio_features,418560,4,7,3DVtZVNqzVdijj75Py1YEY,7cZ6oBx0SEUPDAoxJtxNDh,John C. - Hard ,266.6484,11.3091,0.63,-17.507,131.435,0.513,1,0.007,1,0.187,4,1.0
190,0.469,0.54,5,-11.856,0,0.0796,0.307,1.12e-05,0.363,0.576,130.693,audio_features,418560,4,7,3DVtZVNqzVdijj75Py1YEY,7cZ6oBx0SEUPDAoxJtxNDh,John C. - Hard ,277.9575,22.62538,0.148,-18.208,135.237,0.538,1,0.11,1,0.355,4,1.0
191,0.469,0.54,5,-11.856,0,0.0796,0.307,1.12e-05,0.363,0.576,130.693,audio_features,418560,4,7,3DVtZVNqzVdijj75Py1YEY,7cZ6oBx0SEUPDAoxJtxNDh,John C. - Hard ,300.5829,64.55531,1.0,-10.867,133.881,0.397,5,0.457,0,0.403,4,0.342
192,0.469,0.54,5,-11.856,0,0.0796,0.307,1.12e-05,0.363,0.576,130.693,audio_features,418560,4,7,3DVtZVNqzVdijj75Py1YEY,7cZ6oBx0SEUPDAoxJtxNDh,John C. - Hard ,365.13818,16.61518,0.151,-10.547,129.823,0.38,1,0.0,1,0.0,3,0.4
193,0.469,0.54,5,-11.856,0,0.0796,0.307,1.12e-05,0.363,0.576,130.693,audio_features,418560,4,7,3DVtZVNqzVdijj75Py1YEY,7cZ6oBx0SEUPDAoxJtxNDh,John C. - Hard ,381.75336,12.16662,0.41,-11.998,129.253,0.338,1,0.418,1,0.321,3,0.471
194,0.469,0.54,5,-11.856,0,0.0796,0.307,1.12e-05,0.363,0.576,130.693,audio_features,418560,4,7,3DVtZVNqzVdijj75Py1YEY,7cZ6oBx0SEUPDAoxJtxNDh,John C. - Hard ,393.91998,13.42715,0.374,-13.586,125.962,0.372,0,0.0,0,0.0,4,0.65
195,0.469,0.54,5,-11.856,0,0.0796,0.307,1.12e-05,0.363,0.576,130.693,audio_features,418560,4,7,3DVtZVNqzVdijj75Py1YEY,7cZ6oBx0SEUPDAoxJtxNDh,John C. - Hard ,407.34714,11.21287,0.549,-14.463,124.496,0.314,1,0.0,1,0.0,4,0.882
